name,id,designation,tech/manufacturer,system id,fleet pts,hitpoints,armor rating,max flux,8/6/5/4%,flux dissipation,ordnance points,fighter bays,max speed,acceleration,deceleration,max turn rate,turn acceleration,mass,shield type,defense id,shield arc,shield upkeep,shield efficiency,phase cost,phase upkeep,min crew,max crew,cargo,fuel,fuel/ly,range,max burn,base value,cr %/day,CR to deploy,peak CR sec,CR loss/sec,supplies/rec,supplies/mo,c/s,c/f,f/s,f/f,crew/s,crew/f,hints,tags,rarity,breakProb,minPieces,maxPieces,travel drive,number
Lobster,not_a_cat_lobster,Light Cruiser,Midline,ammofeed,15,8000,900,9000,12000,500,130,,75,70,45,40,45,900,FRONT,,240,0.4,0.7,,,120,240,80,60,3,20,9,120000,3,12,240,0.25,20,20,,,,,,,,"ind, merc, midline_bp",,0.5,2,3,,11001
Lobster (TT),not_a_cat_lobster_tt,Light Cruiser,High Tech,plasmajets,15,8000,900,9000,12000,500,130,,80,80,60,60,60,900,OMNI,,200,0.4,0.6,,,120,240,80,60,3,20,9,130000,2,12,240,0.25,20,20,,,,,,,,"ind, hightech_bp, merc",,0.5,2,3,,11004
Lobster (P),not_a_cat_lobster_p,Light Cruiser,Pirate,ammofeed,15,8000,600,7000,11000,500,110,,75,70,45,40,45,900,FRONT,,240,0.4,0.7,,,160,240,120,60,4,15,9,115000,3,12,240,0.25,20,20,,,,,,,,"ind, pirate_bp, rare_bp",,0.5,2,3,,11002
Lobster (LP),not_a_cat_lobster_lp,Light Cruiser,Luddic Path,burndrive,12,8000,900,5000,7000,500,80,,75,70,45,40,45,1500,FRONT,,120,0.4,1,,,160,240,120,60,4,15,9,80000,3,12,240,0.25,18,18,,,,,,,,LP_bp,,0.8,3,5,,11003
Lobster Elite,not_a_cat_lobster_e,Cruiser,Midline,ammofeed,18,8000,1200,11000,14000,600,150,,65,60,30,30,35,1200,FRONT,,300,0.4,0.7,,,160,280,120,80,4,20,9,150000,3,12,320,0.25,24,24,,,,,,,,"ind, merc, rare_bp",,0.5,2,3,,11006
Lobster (Lion's Guard),not_a_cat_lobster_lg,Light Cruiser,Lion's Guard,highenergyfocus,15,8000,900,9000,12000,500,130,,75,70,45,40,45,900,FRONT,,240,0.4,0.7,,,120,240,80,60,3,20,9,120000,3,12,240,0.25,20,20,,,,,,,,"ind, LG_bp",,0.5,2,3,,11007
Lobster Elite (Lion's Guard),not_a_cat_lobster_elg,Cruiser,Lion's Guard,highenergyfocus,18,8000,1200,11000,14000,600,150,,65,60,30,30,35,1200,FRONT,,300,0.4,0.7,,,160,280,120,80,4,20,9,180000,3,12,320,0.25,24,24,,,,,,,,"ind, LG_bp",,0.5,2,3,,11008
